{"cameraMode":{"drawMode":0,"name":"Shaded","section":"Shading Mode"},"sceneLighting":true,"audioPlay":false,"sceneViewState":{"m_AlwaysRefresh":false,"showFog":true,"showSkybox":true,"showFlares":true,"showImageEffects":true,"showParticleSystems":true,"showVisualEffectGraphs":true,"m_FxEnabled":true},"in2DMode":false,"pivot":{"x":-3.3175010681152345,"y":1.1087231636047364,"z":0.24068373441696168},"rotation":{"x":-0.19904157519340516,"y":-0.15015406906604768,"z":0.030877213925123216,"w":-0.9679279327392578},"size":9.716715812683106,"orthographic":false}